ale	johnson_2023	golightly
1.0	0.047124650295306186	0.022524565381708238
0.047124650295306186	1.0	0.08547597461468721
0.022524565381708238	0.08547597461468721	1.0
