Gemma	Johnson_2023	ALE	URSA_HD	Golightly_2018
1.0	0.00425531914893617	0.0018656716417910447	0.0	0.0
0.00425531914893617	1.0	0.054274084124830396	0.06283662477558348	0.01858736059479554
0.0018656716417910447	0.054274084124830396	1.0	0.04304635761589404	0.003703703703703704
0.0	0.06283662477558348	0.04304635761589404	1.0	0.0
0.0	0.01858736059479554	0.003703703703703704	0.0	1.0
