disign_atlas	krishnanlab	ursahd	gu	creeds	johnson_2023	sirota_2011
1.0	0.020856742225152526	0.024837574445046022	0.001558308347798643	0.038503429395661	0.010464926668776917	0.006791922033557721
0.020856742225152526	1.0	0.3782159497602809	0.029148126652479525	0.03338097182523479	0.06330408569736772	0.014296620167950587
0.024837574445046022	0.3782159497602809	1.0	0.0	0.07201997634380339	0.06927547985942147	0.020733804700936366
0.001558308347798643	0.029148126652479525	0.0	1.0	0.0	0.004860804242156429	0.0
0.038503429395661	0.03338097182523479	0.07201997634380339	0.0	1.0	0.009412674875894526	0.10054404687173049
0.010464926668776917	0.06330408569736772	0.06927547985942147	0.004860804242156429	0.009412674875894526	1.0	0.0008984725965858042
0.006791922033557721	0.014296620167950587	0.020733804700936366	0.0	0.10054404687173049	0.0008984725965858042	1.0
