ale	johnson_2023	golightly	bgee
1.0	0.039709605745879194	0.01408231944084908	0.0
0.039709605745879194	1.0	0.053024700488093476	0.004391343909482929
0.01408231944084908	0.053024700488093476	1.0	0.0
0.0	0.004391343909482929	0.0	1.0
