Gemma	sirota_2011	disign_atlas	ursahd	krishnanlab	gu	creeds	johnson_2023
1.0	0.0027333894028595458	0.026175811870100783	0.008647964564437883	0.010760953112990008	0.0027230833682446586	0.006133714986710284	0.00961136648558295
0.0027333894028595458	1.0	0.011739594450373533	0.013745704467353952	0.005201560468140442	0.0	0.10714285714285714	0.0029069767441860465
0.026175811870100783	0.011739594450373533	1.0	0.017087931648273408	0.025522755227552277	0.005975395430579965	0.04390243902439024	0.010778859527121001
0.008647964564437883	0.013745704467353952	0.017087931648273408	1.0	0.22620904836193448	0.0	0.06682577565632458	0.0718562874251497
0.010760953112990008	0.005201560468140442	0.025522755227552277	0.22620904836193448	1.0	0.03398692810457516	0.027777777777777776	0.03593556381660471
0.0027230833682446586	0.0	0.005975395430579965	0.0	0.03398692810457516	1.0	0.0	0.01680672268907563
0.006133714986710284	0.10714285714285714	0.04390243902439024	0.06682577565632458	0.027777777777777776	0.0	1.0	0.016359918200409
0.00961136648558295	0.0029069767441860465	0.010778859527121001	0.0718562874251497	0.03593556381660471	0.01680672268907563	0.016359918200409	1.0
