Gemma	johnson_2023	ale	golightly	bgee
1.0	0.004219409282700422	0.012048192771084338	0.0	0.0
0.004219409282700422	1.0	0.04328523862375139	0.00784313725490196	0.009140767824497258
0.012048192771084338	0.04328523862375139	1.0	0.002188183807439825	0.00202020202020202
0.0	0.00784313725490196	0.002188183807439825	1.0	0.0
0.0	0.009140767824497258	0.00202020202020202	0.0	1.0
