Johnson_2023	ALE	URSA_HD	Golightly_2018
1.0	0.047124650295306186	0.06764045828575928	0.08547597461468721
0.047124650295306186	1.0	0.06069306930693069	0.022524565381708238
0.06764045828575928	0.06069306930693069	1.0	0.0
0.08547597461468721	0.022524565381708238	0.0	1.0
